Clé de ticket;ID de ticket;Création
DUSWUSERSUPPSN1-3465;2342449;31/03/2022 18:18
DUSWUSERSUPPSN1-3464;2342418;31/03/2022 17:59
DUSWUSERSUPPSN1-3463;2342393;31/03/2022 17:46
DUSWUSERSUPPSN1-3462;2341952;31/03/2022 15:51
DUSWUSERSUPPSN1-3461;2341946;31/03/2022 15:49
DUSWUSERSUPPSN1-3460;2341940;31/03/2022 15:48
DUSWUSERSUPPSN1-3459;2341857;31/03/2022 15:29
DUSWUSERSUPPSN1-3458;2341805;31/03/2022 15:15
DUSWUSERSUPPSN1-3456;2341759;31/03/2022 15:03
DUSWUSERSUPPSN1-3455;2341615;31/03/2022 14:18
DUSWUSERSUPPSN1-3453;2341515;31/03/2022 12:37
DUSWUSERSUPPSN1-3452;2341513;31/03/2022 12:34
DUSWUSERSUPPSN1-3451;2341500;31/03/2022 12:24
DUSWUSERSUPPSN1-3450;2341442;31/03/2022 11:58
DUSWUSERSUPPSN1-3449;2341422;31/03/2022 11:54
DUSWUSERSUPPSN1-3448;2341290;31/03/2022 11:31
DUSWUSERSUPPSN1-3447;2341229;31/03/2022 11:13
DUSWUSERSUPPSN1-3446;2341193;31/03/2022 11:06
DUSWUSERSUPPSN1-3445;2341010;31/03/2022 10:22
DUSWUSERSUPPSN1-3444;2341008;31/03/2022 10:21
DUSWUSERSUPPSN1-3443;2340965;31/03/2022 10:14
DUSWUSERSUPPSN1-3442;2340955;31/03/2022 10:13
DUSWUSERSUPPSN1-3441;2340899;31/03/2022 10:04
DUSWUSERSUPPSN1-3440;2340887;31/03/2022 10:01
DUSWUSERSUPPSN1-3439;2340884;31/03/2022 10:00
DUSWUSERSUPPSN1-3438;2340872;31/03/2022 09:56
DUSWUSERSUPPSN1-3437;2340863;31/03/2022 09:54
DUSWUSERSUPPSN1-3436;2340844;31/03/2022 09:45
DUSWUSERSUPPSN1-3435;2340817;31/03/2022 09:35
DUSWUSERSUPPSN1-3434;2340798;31/03/2022 09:26
DUSWUSERSUPPSN1-3433;2340796;31/03/2022 09:25
DUSWUSERSUPPSN1-3432;2340785;31/03/2022 09:15
DUSWUSERSUPPSN1-3431;2340776;31/03/2022 09:11
DUSWUSERSUPPSN1-3430;2340342;30/03/2022 17:24
DUSWUSERSUPPSN1-3429;2340313;30/03/2022 17:09
DUSWUSERSUPPSN1-3428;2340283;30/03/2022 16:55
DUSWUSERSUPPSN1-3427;2340272;30/03/2022 16:49
DUSWUSERSUPPSN1-3426;2340257;30/03/2022 16:45
DUSWUSERSUPPSN1-3425;2340207;30/03/2022 16:32
DUSWUSERSUPPSN1-3424;2340177;30/03/2022 16:26
DUSWUSERSUPPSN1-3423;2340165;30/03/2022 16:21
DUSWUSERSUPPSN1-3422;2340136;30/03/2022 16:14
DUSWUSERSUPPSN1-3421;2340119;30/03/2022 16:11
DUSWUSERSUPPSN1-3420;2340099;30/03/2022 16:05
DUSWUSERSUPPSN1-3419;2340069;30/03/2022 15:55
DUSWUSERSUPPSN1-3418;2339945;30/03/2022 15:20
DUSWUSERSUPPSN1-3417;2339912;30/03/2022 15:10
DUSWUSERSUPPSN1-3416;2339789;30/03/2022 14:41
DUSWUSERSUPPSN1-3415;2339649;30/03/2022 14:02
DUSWUSERSUPPSN1-3414;2339617;30/03/2022 13:47
DUSWUSERSUPPSN1-3413;2339590;30/03/2022 13:29
DUSWUSERSUPPSN1-3412;2339108;30/03/2022 10:18
DUSWUSERSUPPSN1-3411;2339044;30/03/2022 09:58
DUSWUSERSUPPSN1-3410;2338023;30/03/2022 08:13
DUSWUSERSUPPSN1-3409;2338004;30/03/2022 06:33
DUSWUSERSUPPSN1-3408;2337636;29/03/2022 17:23
DUSWUSERSUPPSN1-3407;2337634;29/03/2022 17:23
DUSWUSERSUPPSN1-3406;2337622;29/03/2022 17:18
DUSWUSERSUPPSN1-3405;2337597;29/03/2022 17:08
DUSWUSERSUPPSN1-3404;2336918;29/03/2022 16:57
DUSWUSERSUPPSN1-3403;2336153;29/03/2022 16:13
DUSWUSERSUPPSN1-3402;2334202;29/03/2022 15:14
DUSWUSERSUPPSN1-3401;2333056;29/03/2022 14:37
DUSWUSERSUPPSN1-3400;2333003;29/03/2022 14:20
DUSWUSERSUPPSN1-3399;2332992;29/03/2022 14:17
DUSWUSERSUPPSN1-3398;2332115;29/03/2022 14:03
DUSWUSERSUPPSN1-3397;2332102;29/03/2022 13:58
DUSWUSERSUPPSN1-3396;2332078;29/03/2022 13:33
DUSWUSERSUPPSN1-3394;2330912;29/03/2022 11:59
DUSWUSERSUPPSN1-3393;2330691;29/03/2022 11:00
DUSWUSERSUPPSN1-3392;2330618;29/03/2022 10:39
DUSWUSERSUPPSN1-3391;2330588;29/03/2022 10:27
DUSWUSERSUPPSN1-3390;2330379;29/03/2022 09:35
DUSWUSERSUPPSN1-3389;2330288;29/03/2022 08:51
DUSWUSERSUPPSN1-3388;2330078;28/03/2022 18:11
DUSWUSERSUPPSN1-3387;2329931;28/03/2022 17:27
DUSWUSERSUPPSN1-3386;2329900;28/03/2022 17:18
DUSWUSERSUPPSN1-3385;2329791;28/03/2022 16:46
DUSWUSERSUPPSN1-3384;2329692;28/03/2022 16:29
DUSWUSERSUPPSN1-3383;2329601;28/03/2022 16:07
DUSWUSERSUPPSN1-3382;2329321;28/03/2022 14:40
DUSWUSERSUPPSN1-3381;2329298;28/03/2022 14:32
DUSWUSERSUPPSN1-3380;2329238;28/03/2022 14:14
DUSWUSERSUPPSN1-3379;2329214;28/03/2022 14:08
DUSWUSERSUPPSN1-3378;2329192;28/03/2022 14:03
DUSWUSERSUPPSN1-3377;2329117;28/03/2022 13:25
DUSWUSERSUPPSN1-3376;2329070;28/03/2022 12:45
DUSWUSERSUPPSN1-3375;2328933;28/03/2022 11:36
DUSWUSERSUPPSN1-3374;2328909;28/03/2022 11:29
DUSWUSERSUPPSN1-3373;2328903;28/03/2022 11:27
DUSWUSERSUPPSN1-3372;2328801;28/03/2022 11:08
DUSWUSERSUPPSN1-3371;2328779;28/03/2022 11:02
DUSWUSERSUPPSN1-3370;2328700;28/03/2022 10:46
DUSWUSERSUPPSN1-3369;2328587;28/03/2022 10:24
DUSWUSERSUPPSN1-3368;2328468;28/03/2022 09:47
DUSWUSERSUPPSN1-3367;2328467;28/03/2022 09:46
DUSWUSERSUPPSN1-3366;2328461;28/03/2022 09:43
DUSWUSERSUPPSN1-3365;2328458;28/03/2022 09:42
DUSWUSERSUPPSN1-3364;2328399;28/03/2022 09:21
DUSWUSERSUPPSN1-3363;2327718;25/03/2022 16:40
DUSWUSERSUPPSN1-3362;2327708;25/03/2022 16:30
DUSWUSERSUPPSN1-3361;2327690;25/03/2022 16:24
DUSWUSERSUPPSN1-3360;2327669;25/03/2022 16:17
DUSWUSERSUPPSN1-3359;2327642;25/03/2022 16:06
DUSWUSERSUPPSN1-3358;2327598;25/03/2022 15:50
DUSWUSERSUPPSN1-3357;2327550;25/03/2022 15:35
DUSWUSERSUPPSN1-3356;2327457;25/03/2022 15:13
DUSWUSERSUPPSN1-3354;2327434;25/03/2022 15:05
DUSWUSERSUPPSN1-3353;2327418;25/03/2022 15:00
DUSWUSERSUPPSN1-3352;2327400;25/03/2022 14:55
DUSWUSERSUPPSN1-3351;2327228;25/03/2022 14:00
DUSWUSERSUPPSN1-3350;2327220;25/03/2022 13:53
DUSWUSERSUPPSN1-3349;2327092;25/03/2022 12:04
DUSWUSERSUPPSN1-3348;2327040;25/03/2022 11:49
DUSWUSERSUPPSN1-3347;2326975;25/03/2022 11:32
DUSWUSERSUPPSN1-3346;2326906;25/03/2022 11:02
DUSWUSERSUPPSN1-3345;2326853;25/03/2022 10:47
DUSWUSERSUPPSN1-3344;2326818;25/03/2022 10:37
DUSWUSERSUPPSN1-3343;2326710;25/03/2022 10:01
DUSWUSERSUPPSN1-3342;2326671;25/03/2022 09:48
DUSWUSERSUPPSN1-3341;2326641;25/03/2022 09:38
DUSWUSERSUPPSN1-3340;2326613;25/03/2022 09:26
DUSWUSERSUPPSN1-3339;2326518;25/03/2022 08:13
DUSWUSERSUPPSN1-3338;2326034;24/03/2022 16:05
DUSWUSERSUPPSN1-3337;2325915;24/03/2022 15:30
DUSWUSERSUPPSN1-3336;2325872;24/03/2022 15:19
DUSWUSERSUPPSN1-3334;2325647;24/03/2022 13:59
DUSWUSERSUPPSN1-3333;2325608;24/03/2022 13:34
DUSWUSERSUPPSN1-3332;2325603;24/03/2022 13:29
DUSWUSERSUPPSN1-3331;2325600;24/03/2022 13:24
DUSWUSERSUPPSN1-3330;2325591;24/03/2022 13:15
DUSWUSERSUPPSN1-3329;2325574;24/03/2022 12:48
DUSWUSERSUPPSN1-3328;2325570;24/03/2022 12:43
DUSWUSERSUPPSN1-3327;2325472;24/03/2022 11:56
DUSWUSERSUPPSN1-3326;2325468;24/03/2022 11:54
DUSWUSERSUPPSN1-3325;2325445;24/03/2022 11:46
DUSWUSERSUPPSN1-3324;2325353;24/03/2022 11:17
DUSWUSERSUPPSN1-3323;2325339;24/03/2022 11:14
DUSWUSERSUPPSN1-3322;2325317;24/03/2022 11:08
DUSWUSERSUPPSN1-3321;2325294;24/03/2022 11:00
DUSWUSERSUPPSN1-3320;2325293;24/03/2022 11:00
DUSWUSERSUPPSN1-3319;2325263;24/03/2022 10:49
DUSWUSERSUPPSN1-3318;2325196;24/03/2022 10:31
DUSWUSERSUPPSN1-3317;2325172;24/03/2022 10:22
DUSWUSERSUPPSN1-3316;2325077;24/03/2022 09:47
DUSWUSERSUPPSN1-3315;2325075;24/03/2022 09:46
DUSWUSERSUPPSN1-3314;2324981;24/03/2022 09:06
DUSWUSERSUPPSN1-3313;2324885;24/03/2022 08:46
DUSWUSERSUPPSN1-3312;2324257;23/03/2022 17:10
DUSWUSERSUPPSN1-3311;2324230;23/03/2022 16:58
DUSWUSERSUPPSN1-3310;2324192;23/03/2022 16:45
DUSWUSERSUPPSN1-3309;2324057;23/03/2022 16:19
DUSWUSERSUPPSN1-3308;2323882;23/03/2022 15:36
DUSWUSERSUPPSN1-3307;2323861;23/03/2022 15:31
DUSWUSERSUPPSN1-3306;2323806;23/03/2022 15:12
DUSWUSERSUPPSN1-3305;2323607;23/03/2022 14:15
DUSWUSERSUPPSN1-3304;2323558;23/03/2022 13:57
DUSWUSERSUPPSN1-3303;2323511;23/03/2022 13:17
DUSWUSERSUPPSN1-3302;2323476;23/03/2022 12:51
DUSWUSERSUPPSN1-3301;2323375;23/03/2022 12:17
DUSWUSERSUPPSN1-3300;2323374;23/03/2022 12:16
DUSWUSERSUPPSN1-3299;2323283;23/03/2022 11:33
DUSWUSERSUPPSN1-3298;2323265;23/03/2022 11:28
DUSWUSERSUPPSN1-3297;2323240;23/03/2022 11:23
DUSWUSERSUPPSN1-3296;2323220;23/03/2022 11:17
DUSWUSERSUPPSN1-3295;2323210;23/03/2022 11:15
DUSWUSERSUPPSN1-3294;2323195;23/03/2022 11:12
DUSWUSERSUPPSN1-3293;2323050;23/03/2022 10:48
DUSWUSERSUPPSN1-3292;2323008;23/03/2022 10:39
DUSWUSERSUPPSN1-3291;2322660;23/03/2022 08:50
DUSWUSERSUPPSN1-3290;2322339;22/03/2022 18:08
DUSWUSERSUPPSN1-3289;2322306;22/03/2022 17:54
DUSWUSERSUPPSN1-3288;2322059;22/03/2022 16:41
DUSWUSERSUPPSN1-3286;2322042;22/03/2022 16:34
DUSWUSERSUPPSN1-3285;2321979;22/03/2022 16:19
DUSWUSERSUPPSN1-3284;2321871;22/03/2022 15:59
DUSWUSERSUPPSN1-3283;2321867;22/03/2022 15:58
DUSWUSERSUPPSN1-3282;2321733;22/03/2022 15:21
DUSWUSERSUPPSN1-3281;2321593;22/03/2022 14:40
DUSWUSERSUPPSN1-3280;2321474;22/03/2022 14:14
DUSWUSERSUPPSN1-3279;2321468;22/03/2022 14:13
DUSWUSERSUPPSN1-3278;2321396;22/03/2022 13:51
DUSWUSERSUPPSN1-3277;2321330;22/03/2022 13:10
DUSWUSERSUPPSN1-3276;2321211;22/03/2022 11:35
DUSWUSERSUPPSN1-3275;2321162;22/03/2022 11:26
DUSWUSERSUPPSN1-3274;2321102;22/03/2022 11:14
DUSWUSERSUPPSN1-3273;2321100;22/03/2022 11:13
DUSWUSERSUPPSN1-3272;2321056;22/03/2022 11:04
DUSWUSERSUPPSN1-3271;2320898;22/03/2022 10:41
DUSWUSERSUPPSN1-3270;2319934;21/03/2022 16:26
DUSWUSERSUPPSN1-3269;2319922;21/03/2022 16:24
DUSWUSERSUPPSN1-3268;2319835;21/03/2022 16:03
DUSWUSERSUPPSN1-3267;2319706;21/03/2022 15:34
DUSWUSERSUPPSN1-3266;2319652;21/03/2022 15:25
DUSWUSERSUPPSN1-3265;2319631;21/03/2022 15:19
DUSWUSERSUPPSN1-3264;2319578;21/03/2022 15:07
DUSWUSERSUPPSN1-3263;2319327;21/03/2022 13:57
DUSWUSERSUPPSN1-3262;2319296;21/03/2022 13:29
DUSWUSERSUPPSN1-3260;2318864;21/03/2022 10:25
DUSWUSERSUPPSN1-3259;2318010;18/03/2022 17:32
DUSWUSERSUPPSN1-3258;2317971;18/03/2022 17:21
DUSWUSERSUPPSN1-3252;2317485;18/03/2022 15:38
DUSWUSERSUPPSN1-3251;2317409;18/03/2022 15:22
DUSWUSERSUPPSN1-3250;2317335;18/03/2022 14:58
DUSWUSERSUPPSN1-3249;2317239;18/03/2022 14:32
DUSWUSERSUPPSN1-3248;2317225;18/03/2022 14:25
DUSWUSERSUPPSN1-3246;2317201;18/03/2022 14:18
DUSWUSERSUPPSN1-3245;2317199;18/03/2022 14:18
DUSWUSERSUPPSN1-3244;2317194;18/03/2022 14:17
DUSWUSERSUPPSN1-3239;2317128;18/03/2022 13:39
DUSWUSERSUPPSN1-3238;2317123;18/03/2022 13:38
DUSWUSERSUPPSN1-3237;2317096;18/03/2022 13:29
DUSWUSERSUPPSN1-3236;2317078;18/03/2022 13:11
DUSWUSERSUPPSN1-3235;2316881;18/03/2022 11:25
DUSWUSERSUPPSN1-3234;2316736;18/03/2022 11:08
DUSWUSERSUPPSN1-3233;2316639;18/03/2022 10:37
DUSWUSERSUPPSN1-3232;2316546;18/03/2022 10:14
DUSWUSERSUPPSN1-3231;2316533;18/03/2022 10:06
DUSWUSERSUPPSN1-3230;2316504;18/03/2022 09:55
DUSWUSERSUPPSN1-3229;2316322;18/03/2022 08:23
DUSWUSERSUPPSN1-3228;2316315;18/03/2022 08:05
DUSWUSERSUPPSN1-3227;2316238;17/03/2022 19:35
DUSWUSERSUPPSN1-3226;2316149;17/03/2022 17:55
DUSWUSERSUPPSN1-3224;2315914;17/03/2022 16:48
DUSWUSERSUPPSN1-3223;2315913;17/03/2022 16:48
DUSWUSERSUPPSN1-3222;2315795;17/03/2022 16:13
DUSWUSERSUPPSN1-3221;2315415;17/03/2022 14:19
DUSWUSERSUPPSN1-3220;2315399;17/03/2022 14:15
DUSWUSERSUPPSN1-3219;2315349;17/03/2022 13:54
DUSWUSERSUPPSN1-3218;2315215;17/03/2022 12:35
DUSWUSERSUPPSN1-3217;2315030;17/03/2022 12:03
DUSWUSERSUPPSN1-3216;2315011;17/03/2022 11:58
DUSWUSERSUPPSN1-3215;2314960;17/03/2022 11:39
DUSWUSERSUPPSN1-3214;2314876;17/03/2022 11:23
DUSWUSERSUPPSN1-3212;2314532;17/03/2022 10:23
DUSWUSERSUPPSN1-3211;2314423;17/03/2022 10:02
DUSWUSERSUPPSN1-3210;2314355;17/03/2022 09:38
DUSWUSERSUPPSN1-3208;2314340;17/03/2022 09:33
DUSWUSERSUPPSN1-3207;2314079;16/03/2022 18:56
DUSWUSERSUPPSN1-3206;2313802;16/03/2022 17:01
DUSWUSERSUPPSN1-3205;2313763;16/03/2022 16:52
DUSWUSERSUPPSN1-3204;2313754;16/03/2022 16:51
DUSWUSERSUPPSN1-3203;2313749;16/03/2022 16:50
DUSWUSERSUPPSN1-3202;2313460;16/03/2022 15:38
DUSWUSERSUPPSN1-3201;2313351;16/03/2022 15:21
DUSWUSERSUPPSN1-3200;2313290;16/03/2022 15:09
DUSWUSERSUPPSN1-3199;2313198;16/03/2022 14:47
DUSWUSERSUPPSN1-3198;2313060;16/03/2022 14:09
DUSWUSERSUPPSN1-3197;2313020;16/03/2022 13:50
DUSWUSERSUPPSN1-3196;2313001;16/03/2022 13:33
DUSWUSERSUPPSN1-3195;2312992;16/03/2022 13:19
DUSWUSERSUPPSN1-3194;2312985;16/03/2022 12:43
DUSWUSERSUPPSN1-3193;2312959;16/03/2022 12:08
DUSWUSERSUPPSN1-3192;2312942;16/03/2022 12:01
DUSWUSERSUPPSN1-3191;2312928;16/03/2022 11:54
DUSWUSERSUPPSN1-3190;2312850;16/03/2022 11:38
DUSWUSERSUPPSN1-3189;2312845;16/03/2022 11:37
DUSWUSERSUPPSN1-3188;2312830;16/03/2022 11:34
DUSWUSERSUPPSN1-3187;2312792;16/03/2022 11:25
DUSWUSERSUPPSN1-3186;2312766;16/03/2022 11:17
DUSWUSERSUPPSN1-3185;2312763;16/03/2022 11:16
DUSWUSERSUPPSN1-3184;2312732;16/03/2022 11:08
DUSWUSERSUPPSN1-3183;2312677;16/03/2022 10:59
DUSWUSERSUPPSN1-3182;2312369;16/03/2022 09:58
DUSWUSERSUPPSN1-3181;2312311;16/03/2022 09:30
DUSWUSERSUPPSN1-3180;2312304;16/03/2022 09:27
DUSWUSERSUPPSN1-3179;2312265;16/03/2022 09:08
DUSWUSERSUPPSN1-3178;2312258;16/03/2022 09:04
DUSWUSERSUPPSN1-3177;2311908;15/03/2022 17:05
DUSWUSERSUPPSN1-3176;2311591;15/03/2022 15:43
DUSWUSERSUPPSN1-3175;2311502;15/03/2022 15:19
DUSWUSERSUPPSN1-3174;2311458;15/03/2022 15:11
DUSWUSERSUPPSN1-3173;2311267;15/03/2022 13:32
DUSWUSERSUPPSN1-3172;2311260;15/03/2022 13:27
DUSWUSERSUPPSN1-3171;2311229;15/03/2022 12:25
DUSWUSERSUPPSN1-3170;2311171;15/03/2022 11:55
DUSWUSERSUPPSN1-3169;2311160;15/03/2022 11:52
DUSWUSERSUPPSN1-3168;2310328;15/03/2022 11:25
DUSWUSERSUPPSN1-3167;2310324;15/03/2022 11:24
DUSWUSERSUPPSN1-3166;2310279;15/03/2022 11:12
DUSWUSERSUPPSN1-3165;2310153;15/03/2022 10:44
DUSWUSERSUPPSN1-3164;2310030;15/03/2022 10:08
DUSWUSERSUPPSN1-3163;2309957;15/03/2022 09:41
DUSWUSERSUPPSN1-3162;2309875;15/03/2022 09:13
DUSWUSERSUPPSN1-3161;2309845;15/03/2022 08:54
DUSWUSERSUPPSN1-3160;2309688;14/03/2022 19:24
DUSWUSERSUPPSN1-3159;2306058;11/03/2022 12:43
DUSWUSERSUPPSN1-3158;2309391;14/03/2022 16:55
DUSWUSERSUPPSN1-3157;2309390;14/03/2022 16:55
DUSWUSERSUPPSN1-3156;2309339;14/03/2022 16:45
DUSWUSERSUPPSN1-3155;2308701;14/03/2022 14:25
DUSWUSERSUPPSN1-3154;2308591;14/03/2022 13:34
DUSWUSERSUPPSN1-3153;2308580;14/03/2022 13:25
DUSWUSERSUPPSN1-3152;2308558;14/03/2022 12:49
DUSWUSERSUPPSN1-3151;2308184;14/03/2022 11:18
DUSWUSERSUPPSN1-3150;2308034;14/03/2022 10:59
DUSWUSERSUPPSN1-3149;2307812;14/03/2022 10:21
DUSWUSERSUPPSN1-3148;2307586;14/03/2022 09:27
DUSWUSERSUPPSN1-3147;2307564;14/03/2022 09:21
DUSWUSERSUPPSN1-3146;2307534;14/03/2022 09:10
DUSWUSERSUPPSN1-3145;2307439;14/03/2022 08:19
DUSWUSERSUPPSN1-3144;2307019;11/03/2022 21:00
DUSWUSERSUPPSN1-3143;2307015;11/03/2022 20:14
DUSWUSERSUPPSN1-3142;2306817;11/03/2022 17:30
DUSWUSERSUPPSN1-3141;2306689;11/03/2022 17:04
DUSWUSERSUPPSN1-3140;2306596;11/03/2022 16:39
DUSWUSERSUPPSN1-3139;2306592;11/03/2022 16:38
DUSWUSERSUPPSN1-3138;2306589;11/03/2022 16:37
DUSWUSERSUPPSN1-3137;2306584;11/03/2022 16:35
DUSWUSERSUPPSN1-3136;2306576;11/03/2022 16:33
DUSWUSERSUPPSN1-3135;2306570;11/03/2022 16:32
DUSWUSERSUPPSN1-3134;2306563;11/03/2022 16:30
DUSWUSERSUPPSN1-3133;2306557;11/03/2022 16:28
DUSWUSERSUPPSN1-3132;2306555;11/03/2022 16:28
DUSWUSERSUPPSN1-3131;2306547;11/03/2022 16:26
DUSWUSERSUPPSN1-3130;2306536;11/03/2022 16:23
DUSWUSERSUPPSN1-3129;2306525;11/03/2022 16:22
DUSWUSERSUPPSN1-3128;2306506;11/03/2022 16:19
DUSWUSERSUPPSN1-3126;2306499;11/03/2022 16:15
DUSWUSERSUPPSN1-3123;2306453;11/03/2022 15:57
DUSWUSERSUPPSN1-3122;2306439;11/03/2022 15:53
DUSWUSERSUPPSN1-3121;2306423;11/03/2022 15:46
DUSWUSERSUPPSN1-3120;2306418;11/03/2022 15:43
DUSWUSERSUPPSN1-3119;2306417;11/03/2022 15:42
DUSWUSERSUPPSN1-3118;2306404;11/03/2022 15:31
DUSWUSERSUPPSN1-3117;2306272;11/03/2022 14:47
DUSWUSERSUPPSN1-3116;2306229;11/03/2022 14:35
DUSWUSERSUPPSN1-3115;2306189;11/03/2022 14:19
DUSWUSERSUPPSN1-3114;2306187;11/03/2022 14:18
DUSWUSERSUPPSN1-3113;2306185;11/03/2022 14:17
DUSWUSERSUPPSN1-3112;2306156;11/03/2022 14:02
DUSWUSERSUPPSN1-3111;2306147;11/03/2022 13:58
DUSWUSERSUPPSN1-3110;2306144;11/03/2022 13:54
DUSWUSERSUPPSN1-3109;2306123;11/03/2022 13:44
DUSWUSERSUPPSN1-3108;2306097;11/03/2022 13:24
DUSWUSERSUPPSN1-3107;2306086;11/03/2022 13:16
DUSWUSERSUPPSN1-3106;2305884;11/03/2022 11:28
DUSWUSERSUPPSN1-3105;2305875;11/03/2022 11:26
DUSWUSERSUPPSN1-3104;2305845;11/03/2022 11:13
DUSWUSERSUPPSN1-3103;2305758;11/03/2022 10:46
DUSWUSERSUPPSN1-3102;2305592;11/03/2022 10:02
DUSWUSERSUPPSN1-3101;2305586;11/03/2022 10:00
DUSWUSERSUPPSN1-3100;2305483;11/03/2022 09:17
DUSWUSERSUPPSN1-3099;2305461;11/03/2022 09:05
DUSWUSERSUPPSN1-3098;2304885;10/03/2022 16:44
DUSWUSERSUPPSN1-3097;2304784;10/03/2022 16:23
DUSWUSERSUPPSN1-3096;2304691;10/03/2022 15:59
DUSWUSERSUPPSN1-3095;2304592;10/03/2022 15:37
DUSWUSERSUPPSN1-3094;2304559;10/03/2022 15:29
DUSWUSERSUPPSN1-3093;2304538;10/03/2022 15:24
DUSWUSERSUPPSN1-3092;2304473;10/03/2022 14:59
DUSWUSERSUPPSN1-3091;2304443;10/03/2022 14:53
DUSWUSERSUPPSN1-3090;2304399;10/03/2022 14:47
DUSWUSERSUPPSN1-3089;2304331;10/03/2022 14:32
DUSWUSERSUPPSN1-3088;2304275;10/03/2022 14:21
DUSWUSERSUPPSN1-3087;2304234;10/03/2022 14:11
DUSWUSERSUPPSN1-3086;2304167;10/03/2022 13:49
DUSWUSERSUPPSN1-3085;2304085;10/03/2022 12:33
DUSWUSERSUPPSN1-3084;2304075;10/03/2022 12:23
DUSWUSERSUPPSN1-3083;2304067;10/03/2022 12:14
DUSWUSERSUPPSN1-3082;2304042;10/03/2022 12:00
DUSWUSERSUPPSN1-3081;2304002;10/03/2022 11:46
DUSWUSERSUPPSN1-3080;2303500;10/03/2022 11:36
DUSWUSERSUPPSN1-3079;2303478;10/03/2022 11:32
DUSWUSERSUPPSN1-3078;2303422;10/03/2022 11:17
DUSWUSERSUPPSN1-3076;2303265;10/03/2022 10:35
DUSWUSERSUPPSN1-3075;2303193;10/03/2022 10:16
DUSWUSERSUPPSN1-3074;2303165;10/03/2022 10:02
DUSWUSERSUPPSN1-3073;2303143;10/03/2022 09:50
DUSWUSERSUPPSN1-3072;2303110;10/03/2022 09:42
DUSWUSERSUPPSN1-3071;2303079;10/03/2022 09:36
DUSWUSERSUPPSN1-3070;2303068;10/03/2022 09:30
DUSWUSERSUPPSN1-3069;2303060;10/03/2022 09:25
DUSWUSERSUPPSN1-3068;2302951;10/03/2022 08:45
DUSWUSERSUPPSN1-3067;2302704;09/03/2022 17:52
DUSWUSERSUPPSN1-3066;2302630;09/03/2022 17:18
DUSWUSERSUPPSN1-3065;2302582;09/03/2022 17:00
DUSWUSERSUPPSN1-3064;2302528;09/03/2022 16:37
DUSWUSERSUPPSN1-3063;2302339;09/03/2022 15:46
DUSWUSERSUPPSN1-3062;2302227;09/03/2022 15:18
DUSWUSERSUPPSN1-3061;2302135;09/03/2022 14:52
DUSWUSERSUPPSN1-3060;2301998;09/03/2022 14:15
DUSWUSERSUPPSN1-3059;2301984;09/03/2022 14:11
DUSWUSERSUPPSN1-3058;2301944;09/03/2022 14:01
DUSWUSERSUPPSN1-3057;2301916;09/03/2022 13:50
DUSWUSERSUPPSN1-3056;2301893;09/03/2022 13:34
DUSWUSERSUPPSN1-3055;2301861;09/03/2022 12:46
DUSWUSERSUPPSN1-3054;2301785;09/03/2022 12:05
DUSWUSERSUPPSN1-3053;2301643;09/03/2022 11:34
DUSWUSERSUPPSN1-3052;2301527;09/03/2022 11:03
DUSWUSERSUPPSN1-3051;2301429;09/03/2022 10:39
DUSWUSERSUPPSN1-3050;2301384;09/03/2022 10:21
DUSWUSERSUPPSN1-3049;2301311;09/03/2022 10:03
DUSWUSERSUPPSN1-3048;2301193;09/03/2022 09:16
DUSWUSERSUPPSN1-3047;2301190;09/03/2022 09:15
DUSWUSERSUPPSN1-3046;2301170;09/03/2022 09:01
DUSWUSERSUPPSN1-3045;2300979;08/03/2022 20:07
DUSWUSERSUPPSN1-3044;2300776;08/03/2022 17:27
DUSWUSERSUPPSN1-3043;2300744;08/03/2022 17:14
DUSWUSERSUPPSN1-3042;2300741;08/03/2022 17:13
DUSWUSERSUPPSN1-3041;2300710;08/03/2022 17:03
DUSWUSERSUPPSN1-3040;2300682;08/03/2022 16:54
DUSWUSERSUPPSN1-3039;2300644;08/03/2022 16:42
DUSWUSERSUPPSN1-3038;2300595;08/03/2022 16:27
DUSWUSERSUPPSN1-3037;2300488;08/03/2022 15:53
DUSWUSERSUPPSN1-3035;2300476;08/03/2022 15:52
DUSWUSERSUPPSN1-3034;2300375;08/03/2022 15:24
DUSWUSERSUPPSN1-3033;2300361;08/03/2022 15:21
DUSWUSERSUPPSN1-3032;2300332;08/03/2022 15:14
DUSWUSERSUPPSN1-3031;2300299;08/03/2022 15:05
DUSWUSERSUPPSN1-3030;2300090;08/03/2022 14:11
DUSWUSERSUPPSN1-3029;2300024;08/03/2022 13:50
DUSWUSERSUPPSN1-3028;2300008;08/03/2022 13:43
DUSWUSERSUPPSN1-3027;2299982;08/03/2022 13:16
DUSWUSERSUPPSN1-3026;2299678;08/03/2022 11:25
DUSWUSERSUPPSN1-3025;2299478;08/03/2022 10:39
DUSWUSERSUPPSN1-3024;2299472;08/03/2022 10:38
DUSWUSERSUPPSN1-3023;2299418;08/03/2022 10:30
DUSWUSERSUPPSN1-3022;2299256;08/03/2022 09:38
DUSWUSERSUPPSN1-3021;2299220;08/03/2022 09:27
DUSWUSERSUPPSN1-3020;2298943;07/03/2022 17:55
DUSWUSERSUPPSN1-3019;2298928;07/03/2022 17:47
DUSWUSERSUPPSN1-3018;2298835;07/03/2022 17:16
DUSWUSERSUPPSN1-3017;2298829;07/03/2022 17:15
DUSWUSERSUPPSN1-3016;2298789;07/03/2022 17:07
DUSWUSERSUPPSN1-3015;2298655;07/03/2022 16:18
DUSWUSERSUPPSN1-3014;2298652;07/03/2022 16:18
DUSWUSERSUPPSN1-3013;2298574;07/03/2022 15:55
DUSWUSERSUPPSN1-3012;2298471;07/03/2022 15:34
DUSWUSERSUPPSN1-3009;2298253;07/03/2022 14:50
DUSWUSERSUPPSN1-3007;2298241;07/03/2022 14:47
DUSWUSERSUPPSN1-3006;2298237;07/03/2022 14:46
DUSWUSERSUPPSN1-3005;2298057;07/03/2022 13:47
DUSWUSERSUPPSN1-3004;2297985;07/03/2022 12:51
DUSWUSERSUPPSN1-3003;2297958;07/03/2022 12:15
DUSWUSERSUPPSN1-3002;2297955;07/03/2022 12:12
DUSWUSERSUPPSN1-3001;2297850;07/03/2022 11:30
DUSWUSERSUPPSN1-3000;2296545;04/03/2022 15:45
DUSWUSERSUPPSN1-2999;2296009;04/03/2022 12:52
DUSWUSERSUPPSN1-2998;2294084;03/03/2022 10:51
DUSWUSERSUPPSN1-2997;2297537;07/03/2022 10:24
DUSWUSERSUPPSN1-2996;2297534;07/03/2022 10:23
DUSWUSERSUPPSN1-2995;2297448;07/03/2022 09:52
DUSWUSERSUPPSN1-2994;2297406;07/03/2022 09:34
DUSWUSERSUPPSN1-2989;2297084;04/03/2022 22:52
DUSWUSERSUPPSN1-2988;2297083;04/03/2022 22:51
DUSWUSERSUPPSN1-2987;2297082;04/03/2022 22:50
DUSWUSERSUPPSN1-2986;2297081;04/03/2022 22:36
DUSWUSERSUPPSN1-2985;2297023;04/03/2022 18:24
DUSWUSERSUPPSN1-2984;2296741;04/03/2022 16:31
DUSWUSERSUPPSN1-2982;2296667;04/03/2022 16:19
DUSWUSERSUPPSN1-2981;2296593;04/03/2022 16:03
DUSWUSERSUPPSN1-2980;2296562;04/03/2022 15:49
DUSWUSERSUPPSN1-2979;2296531;04/03/2022 15:41
DUSWUSERSUPPSN1-2978;2296511;04/03/2022 15:35
DUSWUSERSUPPSN1-2977;2296457;04/03/2022 15:12
DUSWUSERSUPPSN1-2976;2296229;04/03/2022 14:22
DUSWUSERSUPPSN1-2975;2296197;04/03/2022 13:59
DUSWUSERSUPPSN1-2974;2296159;04/03/2022 13:41
DUSWUSERSUPPSN1-2973;2296156;04/03/2022 13:35
DUSWUSERSUPPSN1-2972;2296144;04/03/2022 13:14
DUSWUSERSUPPSN1-2971;2295997;04/03/2022 12:44
DUSWUSERSUPPSN1-2970;2295779;04/03/2022 11:12
DUSWUSERSUPPSN1-2969;2295757;04/03/2022 11:06
DUSWUSERSUPPSN1-2968;2295534;04/03/2022 09:40
DUSWUSERSUPPSN1-2967;2295517;04/03/2022 09:34
DUSWUSERSUPPSN1-2965;2295222;03/03/2022 18:07
DUSWUSERSUPPSN1-2964;2295130;03/03/2022 17:19
DUSWUSERSUPPSN1-2963;2295078;03/03/2022 16:57
DUSWUSERSUPPSN1-2962;2295050;03/03/2022 16:45
DUSWUSERSUPPSN1-2961;2295030;03/03/2022 16:41
DUSWUSERSUPPSN1-2960;2295028;03/03/2022 16:41
DUSWUSERSUPPSN1-2959;2295021;03/03/2022 16:37
DUSWUSERSUPPSN1-2958;2294958;03/03/2022 16:11
DUSWUSERSUPPSN1-2957;2294948;03/03/2022 16:06
DUSWUSERSUPPSN1-2956;2294925;03/03/2022 15:59
DUSWUSERSUPPSN1-2955;2294907;03/03/2022 15:54
DUSWUSERSUPPSN1-2954;2294871;03/03/2022 15:46
DUSWUSERSUPPSN1-2953;2294803;03/03/2022 15:15
DUSWUSERSUPPSN1-2952;2294800;03/03/2022 15:13
DUSWUSERSUPPSN1-2951;2294670;03/03/2022 14:34
DUSWUSERSUPPSN1-2950;2294658;03/03/2022 14:29
DUSWUSERSUPPSN1-2949;2294631;03/03/2022 14:20
DUSWUSERSUPPSN1-2948;2294616;03/03/2022 14:14
DUSWUSERSUPPSN1-2947;2294615;03/03/2022 14:13
DUSWUSERSUPPSN1-2946;2294590;03/03/2022 14:04
DUSWUSERSUPPSN1-2945;2294579;03/03/2022 13:58
DUSWUSERSUPPSN1-2944;2294526;03/03/2022 12:52
DUSWUSERSUPPSN1-2943;2294510;03/03/2022 12:34
DUSWUSERSUPPSN1-2942;2294473;03/03/2022 12:10
DUSWUSERSUPPSN1-2941;2294423;03/03/2022 11:52
DUSWUSERSUPPSN1-2940;2294411;03/03/2022 11:48
DUSWUSERSUPPSN1-2939;2294390;03/03/2022 11:40
DUSWUSERSUPPSN1-2938;2294285;03/03/2022 11:20
DUSWUSERSUPPSN1-2937;2294004;03/03/2022 10:36
DUSWUSERSUPPSN1-2936;2293948;03/03/2022 10:21
DUSWUSERSUPPSN1-2935;2293914;03/03/2022 10:05
DUSWUSERSUPPSN1-2934;2293760;03/03/2022 09:15
DUSWUSERSUPPSN1-2933;2293750;03/03/2022 09:09
DUSWUSERSUPPSN1-2932;2293733;03/03/2022 08:53
DUSWUSERSUPPSN1-2931;2293508;02/03/2022 17:43
DUSWUSERSUPPSN1-2930;2293403;02/03/2022 17:04
DUSWUSERSUPPSN1-2929;2293321;02/03/2022 16:36
DUSWUSERSUPPSN1-2928;2293289;02/03/2022 16:26
DUSWUSERSUPPSN1-2927;2293250;02/03/2022 16:10
DUSWUSERSUPPSN1-2926;2293246;02/03/2022 16:08
DUSWUSERSUPPSN1-2925;2293245;02/03/2022 16:07
DUSWUSERSUPPSN1-2924;2293200;02/03/2022 15:51
DUSWUSERSUPPSN1-2923;2293146;02/03/2022 15:32
DUSWUSERSUPPSN1-2922;2292916;02/03/2022 14:23
DUSWUSERSUPPSN1-2921;2292875;02/03/2022 14:05
DUSWUSERSUPPSN1-2920;2292861;02/03/2022 13:59
DUSWUSERSUPPSN1-2919;2292857;02/03/2022 13:57
DUSWUSERSUPPSN1-2916;2292834;02/03/2022 13:25
DUSWUSERSUPPSN1-2915;2292829;02/03/2022 13:18
DUSWUSERSUPPSN1-2914;2292807;02/03/2022 12:37
DUSWUSERSUPPSN1-2913;2292777;02/03/2022 12:10
DUSWUSERSUPPSN1-2912;2292621;02/03/2022 11:15
DUSWUSERSUPPSN1-2911;2292570;02/03/2022 11:03
DUSWUSERSUPPSN1-2910;2292545;02/03/2022 10:56
DUSWUSERSUPPSN1-2909;2292469;02/03/2022 10:35
DUSWUSERSUPPSN1-2908;2292328;02/03/2022 10:04
DUSWUSERSUPPSN1-2907;2292289;02/03/2022 09:50
DUSWUSERSUPPSN1-2906;2292288;02/03/2022 09:49
DUSWUSERSUPPSN1-2905;2292185;02/03/2022 09:03
DUSWUSERSUPPSN1-2904;2292181;02/03/2022 09:00
DUSWUSERSUPPSN1-2903;2292174;02/03/2022 08:56
DUSWUSERSUPPSN1-2902;2292150;02/03/2022 08:38
DUSWUSERSUPPSN1-2901;2291804;01/03/2022 17:34
DUSWUSERSUPPSN1-2900;2291801;01/03/2022 17:33
DUSWUSERSUPPSN1-2899;2291769;01/03/2022 17:18
DUSWUSERSUPPSN1-2898;2291753;01/03/2022 17:14
DUSWUSERSUPPSN1-2897;2291749;01/03/2022 17:12
DUSWUSERSUPPSN1-2896;2291740;01/03/2022 17:09
DUSWUSERSUPPSN1-2895;2291726;01/03/2022 17:02
DUSWUSERSUPPSN1-2894;2291725;01/03/2022 17:02
DUSWUSERSUPPSN1-2893;2291719;01/03/2022 16:58
DUSWUSERSUPPSN1-2892;2291692;01/03/2022 16:49
DUSWUSERSUPPSN1-2891;2291690;01/03/2022 16:48
DUSWUSERSUPPSN1-2890;2291676;01/03/2022 16:43
DUSWUSERSUPPSN1-2889;2291597;01/03/2022 16:07
DUSWUSERSUPPSN1-2888;2291507;01/03/2022 15:36
DUSWUSERSUPPSN1-2887;2291502;01/03/2022 15:35
DUSWUSERSUPPSN1-2886;2291457;01/03/2022 15:20
DUSWUSERSUPPSN1-2885;2291416;01/03/2022 15:04
DUSWUSERSUPPSN1-2884;2291205;01/03/2022 14:13
DUSWUSERSUPPSN1-2883;2291157;01/03/2022 13:56
DUSWUSERSUPPSN1-2882;2291152;01/03/2022 13:53
DUSWUSERSUPPSN1-2881;2291145;01/03/2022 13:45
DUSWUSERSUPPSN1-2880;2291103;01/03/2022 12:38
DUSWUSERSUPPSN1-2879;2290982;01/03/2022 11:56
DUSWUSERSUPPSN1-2878;2290947;01/03/2022 11:41
DUSWUSERSUPPSN1-2877;2290943;01/03/2022 11:39
DUSWUSERSUPPSN1-2876;2290927;01/03/2022 11:32
DUSWUSERSUPPSN1-2875;2290889;01/03/2022 11:20
DUSWUSERSUPPSN1-2874;2290887;01/03/2022 11:20
DUSWUSERSUPPSN1-2873;2290877;01/03/2022 11:16
DUSWUSERSUPPSN1-2872;2290868;01/03/2022 11:14
DUSWUSERSUPPSN1-2871;2290837;01/03/2022 11:00
DUSWUSERSUPPSN1-2870;2290785;01/03/2022 10:42
DUSWUSERSUPPSN1-2869;2290775;01/03/2022 10:38
DUSWUSERSUPPSN1-2867;2290659;01/03/2022 10:07
DUSWUSERSUPPSN1-2866;2290625;01/03/2022 09:53
DUSWUSERSUPPSN1-2865;2290190;28/02/2022 17:57
DUSWUSERSUPPSN1-2864;2290181;28/02/2022 17:52
DUSWUSERSUPPSN1-2863;2290058;28/02/2022 17:18
DUSWUSERSUPPSN1-2862;2290037;28/02/2022 17:09
DUSWUSERSUPPSN1-2861;2289970;28/02/2022 16:52
DUSWUSERSUPPSN1-2860;2289966;28/02/2022 16:49
DUSWUSERSUPPSN1-2859;2289914;28/02/2022 16:31
DUSWUSERSUPPSN1-2858;2289789;28/02/2022 15:46
DUSWUSERSUPPSN1-2857;2289770;28/02/2022 15:40
DUSWUSERSUPPSN1-2856;2289671;28/02/2022 15:04
DUSWUSERSUPPSN1-2855;2289643;28/02/2022 14:56
DUSWUSERSUPPSN1-2854;2289632;28/02/2022 14:53
DUSWUSERSUPPSN1-2853;2289606;28/02/2022 14:42
DUSWUSERSUPPSN1-2852;2289594;28/02/2022 14:39
DUSWUSERSUPPSN1-2851;2289585;28/02/2022 14:35
DUSWUSERSUPPSN1-2850;2289336;28/02/2022 11:29
DUSWUSERSUPPSN1-2849;2289068;28/02/2022 09:50
DUSWUSERSUPPSN1-2848;2289046;28/02/2022 09:42
DUSWUSERSUPPSN1-2847;2288947;28/02/2022 08:42
DUSWUSERSUPPSN1-2846;2288553;25/02/2022 17:56
DUSWUSERSUPPSN1-2845;2288551;25/02/2022 17:55
DUSWUSERSUPPSN1-2844;2288514;25/02/2022 17:37
DUSWUSERSUPPSN1-2842;2288385;25/02/2022 16:28
DUSWUSERSUPPSN1-2841;2288359;25/02/2022 16:17
DUSWUSERSUPPSN1-2840;2288251;25/02/2022 15:33
DUSWUSERSUPPSN1-2839;2288239;25/02/2022 15:31
DUSWUSERSUPPSN1-2838;2288230;25/02/2022 15:29
DUSWUSERSUPPSN1-2837;2288223;25/02/2022 15:28
DUSWUSERSUPPSN1-2836;2288220;25/02/2022 15:27
DUSWUSERSUPPSN1-2835;2288047;25/02/2022 14:40
DUSWUSERSUPPSN1-2834;2288029;25/02/2022 14:34
DUSWUSERSUPPSN1-2833;2287990;25/02/2022 14:25
DUSWUSERSUPPSN1-2832;2287944;25/02/2022 14:09
DUSWUSERSUPPSN1-2831;2287881;25/02/2022 13:25
DUSWUSERSUPPSN1-2830;2287858;25/02/2022 12:31
DUSWUSERSUPPSN1-2829;2287726;25/02/2022 11:41
DUSWUSERSUPPSN1-2828;2287723;25/02/2022 11:39
DUSWUSERSUPPSN1-2827;2287681;25/02/2022 11:23
DUSWUSERSUPPSN1-2826;2287679;25/02/2022 11:22
DUSWUSERSUPPSN1-2825;2287330;25/02/2022 09:28
DUSWUSERSUPPSN1-2824;2287152;24/02/2022 19:32
DUSWUSERSUPPSN1-2823;2287123;24/02/2022 18:30
DUSWUSERSUPPSN1-2822;2287113;24/02/2022 18:20
DUSWUSERSUPPSN1-2821;2287088;24/02/2022 18:00
DUSWUSERSUPPSN1-2820;2287084;24/02/2022 17:57
DUSWUSERSUPPSN1-2819;2287077;24/02/2022 17:53
DUSWUSERSUPPSN1-2818;2287008;24/02/2022 17:17
DUSWUSERSUPPSN1-2817;2286958;24/02/2022 16:52
DUSWUSERSUPPSN1-2816;2286939;24/02/2022 16:44
DUSWUSERSUPPSN1-2815;2286915;24/02/2022 16:31
DUSWUSERSUPPSN1-2814;2286757;24/02/2022 15:41
DUSWUSERSUPPSN1-2813;2286598;24/02/2022 14:56
DUSWUSERSUPPSN1-2812;2286546;24/02/2022 14:42
DUSWUSERSUPPSN1-2811;2286464;24/02/2022 14:18
DUSWUSERSUPPSN1-2810;2286462;24/02/2022 14:18
DUSWUSERSUPPSN1-2808;2286380;24/02/2022 13:39
DUSWUSERSUPPSN1-2807;2286376;24/02/2022 13:35
DUSWUSERSUPPSN1-2806;2286278;24/02/2022 12:14
DUSWUSERSUPPSN1-2805;2286271;24/02/2022 12:12
DUSWUSERSUPPSN1-2804;2286123;24/02/2022 11:36
DUSWUSERSUPPSN1-2803;2286037;24/02/2022 11:11
DUSWUSERSUPPSN1-2802;2285999;24/02/2022 10:55
DUSWUSERSUPPSN1-2801;2285968;24/02/2022 10:45
DUSWUSERSUPPSN1-2800;2285945;24/02/2022 10:40
DUSWUSERSUPPSN1-2799;2285768;24/02/2022 09:49
DUSWUSERSUPPSN1-2798;2285722;24/02/2022 09:32
DUSWUSERSUPPSN1-2797;2285671;24/02/2022 09:12
DUSWUSERSUPPSN1-2796;2285649;24/02/2022 08:49
DUSWUSERSUPPSN1-2795;2285630;24/02/2022 08:19
DUSWUSERSUPPSN1-2794;2285449;23/02/2022 17:57
DUSWUSERSUPPSN1-2793;2285444;23/02/2022 17:54
DUSWUSERSUPPSN1-2792;2285415;23/02/2022 17:44
DUSWUSERSUPPSN1-2791;2285349;23/02/2022 17:24
DUSWUSERSUPPSN1-2790;2285112;23/02/2022 16:05
DUSWUSERSUPPSN1-2789;2285106;23/02/2022 16:04
DUSWUSERSUPPSN1-2788;2285055;23/02/2022 15:50
DUSWUSERSUPPSN1-2787;2284883;23/02/2022 15:25
DUSWUSERSUPPSN1-2786;2284861;23/02/2022 15:15
DUSWUSERSUPPSN1-2785;2284833;23/02/2022 15:03
DUSWUSERSUPPSN1-2784;2284825;23/02/2022 15:00
DUSWUSERSUPPSN1-2783;2284817;23/02/2022 14:56
DUSWUSERSUPPSN1-2782;2284765;23/02/2022 14:36
DUSWUSERSUPPSN1-2781;2284717;23/02/2022 14:21
DUSWUSERSUPPSN1-2780;2284655;23/02/2022 13:23
DUSWUSERSUPPSN1-2779;2284653;23/02/2022 13:16
DUSWUSERSUPPSN1-2778;2284422;23/02/2022 11:22
DUSWUSERSUPPSN1-2777;2284241;23/02/2022 10:22
DUSWUSERSUPPSN1-2776;2284040;23/02/2022 09:25
DUSWUSERSUPPSN1-2775;2284005;23/02/2022 09:08
DUSWUSERSUPPSN1-2774;2283992;23/02/2022 08:53
DUSWUSERSUPPSN1-2773;2283953;23/02/2022 08:19
DUSWUSERSUPPSN1-2772;2283743;22/02/2022 18:30
DUSWUSERSUPPSN1-2771;2283733;22/02/2022 18:20
DUSWUSERSUPPSN1-2770;2283687;22/02/2022 18:06
DUSWUSERSUPPSN1-2769;2283640;22/02/2022 17:45
DUSWUSERSUPPSN1-2768;2283619;22/02/2022 17:36
DUSWUSERSUPPSN1-2767;2283612;22/02/2022 17:34
DUSWUSERSUPPSN1-2766;2283583;22/02/2022 17:26
DUSWUSERSUPPSN1-2765;2283560;22/02/2022 17:19
DUSWUSERSUPPSN1-2764;2283546;22/02/2022 17:13
DUSWUSERSUPPSN1-2763;2283526;22/02/2022 17:05
DUSWUSERSUPPSN1-2762;2283481;22/02/2022 16:50
DUSWUSERSUPPSN1-2761;2283401;22/02/2022 16:34
DUSWUSERSUPPSN1-2760;2283388;22/02/2022 16:29
DUSWUSERSUPPSN1-2759;2283373;22/02/2022 16:26
DUSWUSERSUPPSN1-2758;2283359;22/02/2022 16:21
DUSWUSERSUPPSN1-2757;2283250;22/02/2022 15:50
DUSWUSERSUPPSN1-2756;2283216;22/02/2022 15:43
DUSWUSERSUPPSN1-2755;2283192;22/02/2022 15:34
DUSWUSERSUPPSN1-2754;2283175;22/02/2022 15:30
DUSWUSERSUPPSN1-2753;2283169;22/02/2022 15:28
DUSWUSERSUPPSN1-2752;2283160;22/02/2022 15:26
DUSWUSERSUPPSN1-2751;2283090;22/02/2022 15:12
DUSWUSERSUPPSN1-2750;2283069;22/02/2022 15:07
DUSWUSERSUPPSN1-2749;2283055;22/02/2022 15:02
DUSWUSERSUPPSN1-2748;2283047;22/02/2022 15:00
DUSWUSERSUPPSN1-2747;2282980;22/02/2022 14:40
DUSWUSERSUPPSN1-2746;2282916;22/02/2022 14:25
DUSWUSERSUPPSN1-2745;2282849;22/02/2022 13:52
DUSWUSERSUPPSN1-2744;2282782;22/02/2022 12:32
DUSWUSERSUPPSN1-2743;2282602;22/02/2022 11:47
DUSWUSERSUPPSN1-2742;2282591;22/02/2022 11:45
DUSWUSERSUPPSN1-2741;2282568;22/02/2022 11:38
DUSWUSERSUPPSN1-2740;2282557;22/02/2022 11:34
DUSWUSERSUPPSN1-2738;2282503;22/02/2022 11:21
DUSWUSERSUPPSN1-2737;2282498;22/02/2022 11:20
DUSWUSERSUPPSN1-2736;2282426;22/02/2022 10:56
DUSWUSERSUPPSN1-2735;2282417;22/02/2022 10:55
DUSWUSERSUPPSN1-2734;2282043;22/02/2022 09:26
DUSWUSERSUPPSN1-2733;2281974;22/02/2022 08:52
DUSWUSERSUPPSN1-2732;2281934;22/02/2022 08:25
DUSWUSERSUPPSN1-2731;2281801;21/02/2022 20:06
DUSWUSERSUPPSN1-2730;2281651;21/02/2022 18:03
DUSWUSERSUPPSN1-2729;2281633;21/02/2022 17:51
DUSWUSERSUPPSN1-2728;2281453;21/02/2022 17:01
DUSWUSERSUPPSN1-2727;2281436;21/02/2022 16:54
DUSWUSERSUPPSN1-2726;2281232;21/02/2022 16:01
DUSWUSERSUPPSN1-2725;2281220;21/02/2022 15:57
DUSWUSERSUPPSN1-2724;2280927;21/02/2022 15:09
DUSWUSERSUPPSN1-2723;2280576;21/02/2022 13:53
DUSWUSERSUPPSN1-2722;2280557;21/02/2022 13:38
DUSWUSERSUPPSN1-2721;2280330;21/02/2022 11:51
DUSWUSERSUPPSN1-2720;2280207;21/02/2022 11:22
DUSWUSERSUPPSN1-2719;2280149;21/02/2022 11:06
DUSWUSERSUPPSN1-2718;2280145;21/02/2022 11:06
DUSWUSERSUPPSN1-2717;2280119;21/02/2022 11:00
DUSWUSERSUPPSN1-2716;2280054;21/02/2022 10:49
DUSWUSERSUPPSN1-2715;2280024;21/02/2022 10:45
DUSWUSERSUPPSN1-2714;2280011;21/02/2022 10:43
DUSWUSERSUPPSN1-2713;2279107;21/02/2022 08:56
DUSWUSERSUPPSN1-2712;2278330;18/02/2022 17:52
DUSWUSERSUPPSN1-2711;2278327;18/02/2022 17:51
DUSWUSERSUPPSN1-2710;2278034;18/02/2022 16:03
DUSWUSERSUPPSN1-2709;2277891;18/02/2022 15:19
DUSWUSERSUPPSN1-2708;2277885;18/02/2022 15:18
DUSWUSERSUPPSN1-2707;2277752;18/02/2022 14:30
DUSWUSERSUPPSN1-2706;2277704;18/02/2022 14:06
DUSWUSERSUPPSN1-2705;2277680;18/02/2022 13:45
DUSWUSERSUPPSN1-2704;2277586;18/02/2022 12:15
DUSWUSERSUPPSN1-2703;2277531;18/02/2022 11:56
DUSWUSERSUPPSN1-2702;2277440;18/02/2022 11:19
DUSWUSERSUPPSN1-2701;2277415;18/02/2022 11:09
DUSWUSERSUPPSN1-2700;2277389;18/02/2022 10:58
DUSWUSERSUPPSN1-2699;2277347;18/02/2022 10:44
DUSWUSERSUPPSN1-2698;2277314;18/02/2022 10:35
DUSWUSERSUPPSN1-2697;2277219;18/02/2022 09:56
DUSWUSERSUPPSN1-2696;2277209;18/02/2022 09:54
DUSWUSERSUPPSN1-2695;2277174;18/02/2022 09:44
DUSWUSERSUPPSN1-2694;2277158;18/02/2022 09:41
DUSWUSERSUPPSN1-2693;2277050;18/02/2022 09:01
DUSWUSERSUPPSN1-2692;2277039;18/02/2022 08:50
DUSWUSERSUPPSN1-2691;2277024;18/02/2022 08:36
DUSWUSERSUPPSN1-2690;2277019;18/02/2022 08:31
DUSWUSERSUPPSN1-2689;2276874;17/02/2022 18:20
DUSWUSERSUPPSN1-2688;2276843;17/02/2022 18:05
DUSWUSERSUPPSN1-2687;2276708;17/02/2022 17:11
DUSWUSERSUPPSN1-2686;2276675;17/02/2022 17:02
DUSWUSERSUPPSN1-2685;2276648;17/02/2022 16:57
DUSWUSERSUPPSN1-2684;2276640;17/02/2022 16:55
DUSWUSERSUPPSN1-2683;2276522;17/02/2022 16:31
DUSWUSERSUPPSN1-2682;2276517;17/02/2022 16:30
DUSWUSERSUPPSN1-2681;2276475;17/02/2022 16:21
DUSWUSERSUPPSN1-2680;2276447;17/02/2022 16:16
DUSWUSERSUPPSN1-2679;2276396;17/02/2022 16:05
DUSWUSERSUPPSN1-2678;2276376;17/02/2022 16:01
DUSWUSERSUPPSN1-2677;2276337;17/02/2022 15:53
DUSWUSERSUPPSN1-2676;2276200;17/02/2022 15:11
DUSWUSERSUPPSN1-2675;2276157;17/02/2022 14:56
DUSWUSERSUPPSN1-2674;2275972;17/02/2022 13:59
DUSWUSERSUPPSN1-2673;2275955;17/02/2022 13:48
DUSWUSERSUPPSN1-2672;2275850;17/02/2022 12:28
DUSWUSERSUPPSN1-2671;2275834;17/02/2022 12:23
DUSWUSERSUPPSN1-2669;2275811;17/02/2022 12:13
DUSWUSERSUPPSN1-2668;2275796;17/02/2022 12:06
DUSWUSERSUPPSN1-2667;2275591;17/02/2022 11:22
DUSWUSERSUPPSN1-2666;2275508;17/02/2022 11:06
DUSWUSERSUPPSN1-2665;2275459;17/02/2022 10:55
DUSWUSERSUPPSN1-2664;2275010;17/02/2022 08:12
DUSWUSERSUPPSN1-2663;2274769;16/02/2022 18:11
DUSWUSERSUPPSN1-2662;2274604;16/02/2022 17:41
DUSWUSERSUPPSN1-2661;2274560;16/02/2022 17:26
DUSWUSERSUPPSN1-2660;2274557;16/02/2022 17:25
DUSWUSERSUPPSN1-2659;2274467;16/02/2022 16:55
DUSWUSERSUPPSN1-2658;2274411;16/02/2022 16:37
DUSWUSERSUPPSN1-2657;2274360;16/02/2022 16:27
DUSWUSERSUPPSN1-2656;2274284;16/02/2022 16:10
DUSWUSERSUPPSN1-2655;2274226;16/02/2022 15:58
DUSWUSERSUPPSN1-2654;2273931;16/02/2022 14:57
DUSWUSERSUPPSN1-2653;2273740;16/02/2022 13:20
DUSWUSERSUPPSN1-2652;2273732;16/02/2022 13:12
DUSWUSERSUPPSN1-2651;2273723;16/02/2022 12:59
DUSWUSERSUPPSN1-2650;2273697;16/02/2022 12:28
DUSWUSERSUPPSN1-2649;2273520;16/02/2022 11:34
DUSWUSERSUPPSN1-2648;2273447;16/02/2022 11:13
DUSWUSERSUPPSN1-2646;2273401;16/02/2022 10:53
DUSWUSERSUPPSN1-2645;2273267;16/02/2022 10:16
DUSWUSERSUPPSN1-2644;2273173;16/02/2022 09:46
DUSWUSERSUPPSN1-2643;2273111;16/02/2022 09:16
DUSWUSERSUPPSN1-2642;2273012;16/02/2022 08:23
DUSWUSERSUPPSN1-2641;2272826;15/02/2022 18:03
DUSWUSERSUPPSN1-2640;2272788;15/02/2022 17:44
DUSWUSERSUPPSN1-2639;2272779;15/02/2022 17:42
DUSWUSERSUPPSN1-2638;2272767;15/02/2022 17:38
DUSWUSERSUPPSN1-2637;2272561;15/02/2022 16:45
DUSWUSERSUPPSN1-2636;2272443;15/02/2022 16:09
DUSWUSERSUPPSN1-2635;2272369;15/02/2022 15:51
DUSWUSERSUPPSN1-2634;2272326;15/02/2022 15:37
DUSWUSERSUPPSN1-2633;2272310;15/02/2022 15:31
DUSWUSERSUPPSN1-2632;2272241;15/02/2022 15:12
DUSWUSERSUPPSN1-2631;2272136;15/02/2022 14:52
DUSWUSERSUPPSN1-2630;2272059;15/02/2022 14:26
DUSWUSERSUPPSN1-2629;2271971;15/02/2022 13:41
DUSWUSERSUPPSN1-2628;2271838;15/02/2022 11:57
DUSWUSERSUPPSN1-2627;2271837;15/02/2022 11:57
DUSWUSERSUPPSN1-2626;2271755;15/02/2022 11:31
DUSWUSERSUPPSN1-2625;2271676;15/02/2022 11:07
DUSWUSERSUPPSN1-2624;2271634;15/02/2022 10:53
DUSWUSERSUPPSN1-2623;2271632;15/02/2022 10:53
DUSWUSERSUPPSN1-2622;2271600;15/02/2022 10:40
DUSWUSERSUPPSN1-2621;2271470;15/02/2022 09:52
DUSWUSERSUPPSN1-2620;2271313;15/02/2022 08:14
DUSWUSERSUPPSN1-2619;2271180;14/02/2022 17:38
DUSWUSERSUPPSN1-2618;2271063;14/02/2022 16:51
DUSWUSERSUPPSN1-2617;2270988;14/02/2022 16:30
DUSWUSERSUPPSN1-2616;2270970;14/02/2022 16:24
DUSWUSERSUPPSN1-2615;2270797;14/02/2022 15:39
DUSWUSERSUPPSN1-2614;2270723;14/02/2022 15:21
DUSWUSERSUPPSN1-2613;2270715;14/02/2022 15:19
DUSWUSERSUPPSN1-2612;2270668;14/02/2022 15:10
DUSWUSERSUPPSN1-2611;2270418;14/02/2022 13:52
DUSWUSERSUPPSN1-2610;2270390;14/02/2022 13:25
DUSWUSERSUPPSN1-2609;2270387;14/02/2022 13:23
DUSWUSERSUPPSN1-2608;2270296;14/02/2022 12:13
DUSWUSERSUPPSN1-2607;2270217;14/02/2022 11:51
DUSWUSERSUPPSN1-2606;2270209;14/02/2022 11:50
DUSWUSERSUPPSN1-2605;2270175;14/02/2022 11:40
DUSWUSERSUPPSN1-2604;2270087;14/02/2022 11:15
DUSWUSERSUPPSN1-2603;2269961;14/02/2022 10:38
DUSWUSERSUPPSN1-2602;2269718;14/02/2022 09:21
DUSWUSERSUPPSN1-2601;2269705;14/02/2022 09:16
DUSWUSERSUPPSN1-2600;2269618;14/02/2022 08:20
DUSWUSERSUPPSN1-2599;2269613;14/02/2022 08:07
DUSWUSERSUPPSN1-2597;2269419;13/02/2022 00:40
DUSWUSERSUPPSN1-2595;2269415;13/02/2022 00:07
DUSWUSERSUPPSN1-2594;2269338;12/02/2022 01:24
DUSWUSERSUPPSN1-2593;2269334;12/02/2022 00:59
DUSWUSERSUPPSN1-2592;2269330;12/02/2022 00:49
DUSWUSERSUPPSN1-2591;2269314;11/02/2022 20:48
DUSWUSERSUPPSN1-2590;2269106;11/02/2022 17:10
DUSWUSERSUPPSN1-2589;2269031;11/02/2022 16:37
DUSWUSERSUPPSN1-2588;2268904;11/02/2022 15:44
DUSWUSERSUPPSN1-2587;2268884;11/02/2022 15:35
DUSWUSERSUPPSN1-2586;2268841;11/02/2022 15:19
DUSWUSERSUPPSN1-2585;2268826;11/02/2022 15:08
DUSWUSERSUPPSN1-2584;2268616;11/02/2022 13:25
DUSWUSERSUPPSN1-2583;2268577;11/02/2022 12:22
DUSWUSERSUPPSN1-2582;2268566;11/02/2022 12:15
DUSWUSERSUPPSN1-2581;2268556;11/02/2022 12:10
DUSWUSERSUPPSN1-2580;2268542;11/02/2022 12:00
DUSWUSERSUPPSN1-2579;2268483;11/02/2022 11:36
DUSWUSERSUPPSN1-2578;2268482;11/02/2022 11:35
DUSWUSERSUPPSN1-2577;2268481;11/02/2022 11:35
DUSWUSERSUPPSN1-2576;2268364;11/02/2022 11:00
DUSWUSERSUPPSN1-2575;2268220;11/02/2022 09:56
DUSWUSERSUPPSN1-2574;2268161;11/02/2022 09:32
DUSWUSERSUPPSN1-2573;2268075;11/02/2022 08:51
DUSWUSERSUPPSN1-2572;2268069;11/02/2022 08:46
DUSWUSERSUPPSN1-2571;2268048;11/02/2022 08:37
DUSWUSERSUPPSN1-2570;2267925;10/02/2022 21:06
DUSWUSERSUPPSN1-2568;2267916;10/02/2022 19:47
DUSWUSERSUPPSN1-2567;2267838;10/02/2022 17:55
DUSWUSERSUPPSN1-2566;2267814;10/02/2022 17:48
DUSWUSERSUPPSN1-2565;2267806;10/02/2022 17:46
DUSWUSERSUPPSN1-2564;2267659;10/02/2022 16:54
DUSWUSERSUPPSN1-2563;2267622;10/02/2022 16:38
DUSWUSERSUPPSN1-2562;2267608;10/02/2022 16:33
DUSWUSERSUPPSN1-2561;2267596;10/02/2022 16:27
DUSWUSERSUPPSN1-2560;2267318;10/02/2022 14:53
DUSWUSERSUPPSN1-2559;2267305;10/02/2022 14:51
DUSWUSERSUPPSN1-2558;2267272;10/02/2022 14:43
DUSWUSERSUPPSN1-2557;2267242;10/02/2022 14:31
DUSWUSERSUPPSN1-2556;2267222;10/02/2022 14:23
DUSWUSERSUPPSN1-2555;2267214;10/02/2022 14:20
DUSWUSERSUPPSN1-2554;2267209;10/02/2022 14:18
DUSWUSERSUPPSN1-2553;2267198;10/02/2022 14:12
DUSWUSERSUPPSN1-2552;2267178;10/02/2022 14:03
DUSWUSERSUPPSN1-2551;2267173;10/02/2022 14:01
DUSWUSERSUPPSN1-2550;2267063;10/02/2022 13:11
DUSWUSERSUPPSN1-2549;2267050;10/02/2022 12:36
DUSWUSERSUPPSN1-2548;2267045;10/02/2022 12:28
DUSWUSERSUPPSN1-2547;2266814;10/02/2022 11:09
DUSWUSERSUPPSN1-2546;2266808;10/02/2022 11:07
DUSWUSERSUPPSN1-2545;2266801;10/02/2022 11:06
DUSWUSERSUPPSN1-2544;2266793;10/02/2022 11:03
DUSWUSERSUPPSN1-2543;2266784;10/02/2022 11:01
DUSWUSERSUPPSN1-2542;2266783;10/02/2022 11:01
DUSWUSERSUPPSN1-2541;2266774;10/02/2022 10:59
DUSWUSERSUPPSN1-2540;2266765;10/02/2022 10:58
DUSWUSERSUPPSN1-2539;2266749;10/02/2022 10:53
DUSWUSERSUPPSN1-2538;2266748;10/02/2022 10:52
DUSWUSERSUPPSN1-2537;2266641;10/02/2022 10:26
DUSWUSERSUPPSN1-2536;2266639;10/02/2022 10:26
DUSWUSERSUPPSN1-2535;2266406;10/02/2022 10:04
DUSWUSERSUPPSN1-2534;2266332;10/02/2022 09:52
DUSWUSERSUPPSN1-2533;2266317;10/02/2022 09:45
DUSWUSERSUPPSN1-2532;2266154;10/02/2022 09:05
DUSWUSERSUPPSN1-2531;2266137;10/02/2022 08:53
DUSWUSERSUPPSN1-2530;2266128;10/02/2022 08:46
DUSWUSERSUPPSN1-2529;2266112;10/02/2022 08:16
DUSWUSERSUPPSN1-2528;2266111;10/02/2022 08:16
DUSWUSERSUPPSN1-2527;2265772;09/02/2022 17:38
DUSWUSERSUPPSN1-2526;2265736;09/02/2022 17:25
DUSWUSERSUPPSN1-2525;2265731;09/02/2022 17:24
DUSWUSERSUPPSN1-2524;2265705;09/02/2022 17:13
DUSWUSERSUPPSN1-2523;2265666;09/02/2022 16:57
DUSWUSERSUPPSN1-2522;2265591;09/02/2022 16:51
DUSWUSERSUPPSN1-2521;2265561;09/02/2022 16:41
DUSWUSERSUPPSN1-2520;2265560;09/02/2022 16:41
DUSWUSERSUPPSN1-2519;2265524;09/02/2022 16:35
DUSWUSERSUPPSN1-2518;2265485;09/02/2022 16:33
DUSWUSERSUPPSN1-2517;2265470;09/02/2022 16:29
DUSWUSERSUPPSN1-2516;2265158;09/02/2022 15:52
DUSWUSERSUPPSN1-2515;2265011;09/02/2022 15:12
DUSWUSERSUPPSN1-2514;2264918;09/02/2022 14:39
DUSWUSERSUPPSN1-2513;2264580;09/02/2022 12:22
DUSWUSERSUPPSN1-2512;2264574;09/02/2022 12:19
DUSWUSERSUPPSN1-2511;2264391;09/02/2022 11:27
DUSWUSERSUPPSN1-2510;2264269;09/02/2022 10:56
DUSWUSERSUPPSN1-2509;2264246;09/02/2022 10:48
DUSWUSERSUPPSN1-2508;2264198;09/02/2022 10:35
DUSWUSERSUPPSN1-2507;2264162;09/02/2022 10:22
DUSWUSERSUPPSN1-2506;2264081;09/02/2022 09:54
DUSWUSERSUPPSN1-2505;2264007;09/02/2022 09:33
DUSWUSERSUPPSN1-2504;2263977;09/02/2022 09:23
DUSWUSERSUPPSN1-2503;2263921;09/02/2022 08:40
DUSWUSERSUPPSN1-2502;2263910;09/02/2022 08:13
DUSWUSERSUPPSN1-2501;2263726;08/02/2022 20:12
DUSWUSERSUPPSN1-2499;2263723;08/02/2022 19:55
DUSWUSERSUPPSN1-2498;2263713;08/02/2022 19:25
DUSWUSERSUPPSN1-2497;2263512;08/02/2022 17:53
DUSWUSERSUPPSN1-2496;2263496;08/02/2022 17:46
DUSWUSERSUPPSN1-2495;2263437;08/02/2022 17:24
DUSWUSERSUPPSN1-2494;2263391;08/02/2022 17:06
DUSWUSERSUPPSN1-2493;2263375;08/02/2022 17:02
DUSWUSERSUPPSN1-2492;2263339;08/02/2022 16:49
DUSWUSERSUPPSN1-2491;2263272;08/02/2022 16:23
DUSWUSERSUPPSN1-2490;2263124;08/02/2022 15:53
DUSWUSERSUPPSN1-2489;2263057;08/02/2022 15:36
DUSWUSERSUPPSN1-2488;2263052;08/02/2022 15:34
DUSWUSERSUPPSN1-2487;2263048;08/02/2022 15:32
DUSWUSERSUPPSN1-2485;2263005;08/02/2022 15:18
DUSWUSERSUPPSN1-2484;2262977;08/02/2022 15:12
DUSWUSERSUPPSN1-2483;2262945;08/02/2022 15:02
DUSWUSERSUPPSN1-2482;2262896;08/02/2022 14:50
DUSWUSERSUPPSN1-2481;2262880;08/02/2022 14:47
DUSWUSERSUPPSN1-2480;2262733;08/02/2022 13:50
DUSWUSERSUPPSN1-2478;2262731;08/02/2022 13:48
DUSWUSERSUPPSN1-2477;2262663;08/02/2022 12:22
DUSWUSERSUPPSN1-2476;2262661;08/02/2022 12:20
DUSWUSERSUPPSN1-2475;2262590;08/02/2022 12:00
DUSWUSERSUPPSN1-2474;2262530;08/02/2022 11:46
DUSWUSERSUPPSN1-2473;2262426;08/02/2022 11:07
DUSWUSERSUPPSN1-2472;2262364;08/02/2022 10:49
DUSWUSERSUPPSN1-2471;2262362;08/02/2022 10:49
DUSWUSERSUPPSN1-2470;2262344;08/02/2022 10:44
DUSWUSERSUPPSN1-2469;2262336;08/02/2022 10:42
DUSWUSERSUPPSN1-2468;2262296;08/02/2022 10:31
DUSWUSERSUPPSN1-2467;2262153;08/02/2022 09:40
DUSWUSERSUPPSN1-2466;2262106;08/02/2022 09:25
DUSWUSERSUPPSN1-2465;2262087;08/02/2022 09:17
DUSWUSERSUPPSN1-2464;2262067;08/02/2022 09:05
DUSWUSERSUPPSN1-2463;2262055;08/02/2022 08:52
DUSWUSERSUPPSN1-2462;2262025;08/02/2022 08:13
DUSWUSERSUPPSN1-2461;2262024;08/02/2022 08:13
DUSWUSERSUPPSN1-2460;2261718;07/02/2022 17:15
DUSWUSERSUPPSN1-2457;2261515;07/02/2022 16:14
DUSWUSERSUPPSN1-2456;2261454;07/02/2022 15:55
DUSWUSERSUPPSN1-2455;2261434;07/02/2022 15:48
DUSWUSERSUPPSN1-2454;2261412;07/02/2022 15:41
DUSWUSERSUPPSN1-2453;2261337;07/02/2022 15:23
DUSWUSERSUPPSN1-2452;2260961;07/02/2022 13:57
DUSWUSERSUPPSN1-2451;2260697;07/02/2022 11:54
DUSWUSERSUPPSN1-2450;2260692;07/02/2022 11:54
DUSWUSERSUPPSN1-2449;2260467;07/02/2022 10:44
DUSWUSERSUPPSN1-2448;2260452;07/02/2022 10:40
DUSWUSERSUPPSN1-2447;2260439;07/02/2022 10:37
DUSWUSERSUPPSN1-2446;2260423;07/02/2022 10:32
DUSWUSERSUPPSN1-2445;2260400;07/02/2022 10:29
DUSWUSERSUPPSN1-2444;2260384;07/02/2022 10:25
DUSWUSERSUPPSN1-2443;2260375;07/02/2022 10:24
DUSWUSERSUPPSN1-2442;2260241;07/02/2022 09:41
DUSWUSERSUPPSN1-2441;2260212;07/02/2022 09:29
DUSWUSERSUPPSN1-2440;2260141;07/02/2022 08:40
DUSWUSERSUPPSN1-2439;2260117;07/02/2022 08:20
DUSWUSERSUPPSN1-2438;2260109;07/02/2022 08:11
